sample ID;Latitude;Longitude;Year;season;Month;Day;Date;d15N;d13C;dist;chla_2m;sst_2m;mld_2m;wind_2m;PPv_2m
1;66.228;6.99;2009;2;6;23;174;7.720876215;-24.3416616;139.6811987;1.857771523;8.970849991;27.37660522;7.620206334;1487.668784
2;66.21;6.167;2009;2;6;23;174;6.878592065;-25.09927224;168.3677182;1.488808451;9.011987686;28.86250649;7.660261605;1265.923237
3;66.187;5.342;2009;2;6;23;174;6.0896309;-25.16262677;190.5304452;1.557815881;8.816705704;25.56800822;7.613844496;1295.345916
4;66.16;4.518;2009;2;6;24;175;5.287315652;-25.05507798;218.7429637;1.21524546;8.677545547;26.30095279;7.627030115;1115.5169
5;66.128;3.7;2009;2;6;24;175;4.928040922;-25.4010005;248.1503976;1.318333266;8.668390274;25.10522752;7.70421097;1168.716314
6;66.093;2.88;2009;2;6;24;175;NA;-25.36275177;279.6263683;1.196031289;8.741449356;25.27032766;7.842011638;1070.480703
7;66.053;2.065;2009;2;6;24;175;6.981663758;-25.30635998;311.9486004;1.286390864;8.760004044;25.42292022;7.90028527;1129.394707
8;66.008;1.25;2009;2;6;24;175;4.736103792;-24.79407918;345.4916726;1.244230326;8.34359169;20.75508895;7.859379052;1116.741772
9;65.96;0.442;2009;2;6;24;175;4.787743593;-25.00766109;379.5551824;1.283063834;7.986871243;18.65881747;7.799006419;1072.657201
10;65.907;-0.367;2009;2;6;24;175;5.637746718;-24.68884993;401.7521525;0.964119423;7.788201809;19.35924231;7.698736547;928.975073
11;65.85;-1.17;2009;2;6;24;175;6.162509334;-23.84940151;421.1841707;0.936481978;7.356408596;17.69823483;7.513355809;870.7220882
12;65.788;-1.97;2009;2;6;24;175;5.914065374;-23.70899542;397.459121;0.56460109;6.830316067;17.85833193;7.417458182;623.7079321
13;65.723;-2.765;2009;2;6;24;175;6.480211758;-23.29189123;373.7463913;0.65916999;6.756738186;16.82520529;7.373824883;685.4105225
14;65.653;-3.558;2009;2;6;24;175;6.285103734;-23.40658746;352.5519868;0.717193862;6.467553616;16.4074519;7.293588725;701.8065161
15;65.58;-4.345;2009;2;6;24;175;6.261588136;-23.89783211;332.905577;1.039305032;6.116540432;16.58505963;7.125421421;863.2404457
16;65.502;-5.127;2009;2;6;24;175;6.042036044;-23.70228662;307.1757811;1.430424433;5.714410305;16.34991701;6.977774086;975.0361187
17;65.42;-5.907;2009;2;6;24;175;7.949456492;-22.85175833;272.5335827;1.699279989;5.322137356;15.29177519;6.883780958;1071.424226
18;66.252;8.645;2009;2;6;23;174;5.416321278;-25.42956075;66.13462243;1.413535626;8.754266739;17.80079704;7.393165683;1241.667613
19;66.242;7.817;2009;2;6;23;174;8.386438548;-25.44250606;102.5661997;1.904754391;8.862451553;22.51865864;7.564149216;1488.616764
20;61.275;-2.832;2017;2;6;23;3096;4.180265386;-22.46499184;50.01255854;0.897089386;9.682092667;38.48584351;7.809363654;820.9695552
21;61.395;-3.48;2017;2;6;23;3096;3.160510707;-23.04833214;81.07751588;1.100215737;9.565546036;25.45543994;7.793203773;885.2201789
22;63.213;-8.71;2017;2;6;22;3095;2.576938776;-23.65791118;81.11963475;0.834375704;8.568689346;33.90056231;7.730732138;715.9764121
23;70.057;-7.482;2012;2;6;11;1258;5.486758235;-25.54587239;65.52547479;0.394230353;2.175744534;120.9808807;8.059363654;375.7488534
24;61.425;-3.603;2018;2;6;8;3446;4.550896499;-23.69276666;74.96250514;1.221988791;8.917535782;23.9595326;7.146707242;884.6253069
25;63.518;-9.372;2018;2;6;7;3445;NA;-22.67994557;125.8938331;0.922900441;7.726739407;28.69490483;7.661647433;683.285141
26;63.035;-8.348;2018;2;6;7;3445;2.771265652;-23.04553214;54.88266797;0.717965311;8.076868057;34.94119351;7.73586213;627.9540159
27;71.778;11.782;2012;2;6;25;1272;3.504832818;-24.02360555;233.3601826;0.600052416;6.094750881;69.59721404;8.66425295;682.1700033
28;71.778;10.715;2012;2;6;26;1273;4.116751057;-23.91489831;267.9778684;0.608717561;5.974420071;65.74988045;8.678269256;714.0923123
29;71.775;14.162;2012;2;6;25;1272;4.984578259;-23.54835136;160.2896891;0.759034734;6.490167141;39.54648684;8.462570507;789.6518471
30;71.755;7.89;2012;2;6;26;1273;6.754464832;-24.3724979;362.3169285;0.550410027;5.705895901;64.94189037;8.71543536;670.0127157
31;71.767;2.275;2012;2;6;26;1273;3.927295252;-25.2168713;366.006911;0.607381381;4.900018215;75.94356341;8.80948927;634.3970146
32;71.77;1.208;2012;2;6;27;1274;4.451465807;-25.05190655;328.6072399;0.631110038;4.612451077;56.02898426;8.689011443;661.2937796
33;71.767;0.145;2012;2;6;27;1274;4.453395137;-23.93752058;292.5307228;0.580390652;4.300652981;64.86434333;8.596396039;616.8225098
34;71.763;5.762;2012;2;6;26;1273;3.4690113;-25.00025022;427.1326028;0.542549488;5.478845119;122.326697;8.744622828;598.1899872
35;71.758;4.697;2012;2;6;26;1273;5.362121069;-24.47868919;449.7190218;0.738107345;5.345544338;101.644152;8.777574721;729.7993665
36;66.228;6.96;2010;2;6;8;524;5.734142303;-24.3142025;140.4188359;1.291871582;8.057703018;61.6624012;6.866713401;933.4399572
37;66.197;6.138;2010;2;6;9;525;NA;-23.2890183;167.8258725;1.140824887;8.230829239;29.67549961;6.898117382;909.1183872
38;66.16;5.318;2010;2;6;9;525;6.285123301;-23.38487913;190.4063075;1.181617851;8.18129921;51.18104375;6.924914095;896.6846422
39;66.118;4.5;2010;2;6;9;525;NA;-22.99392141;216.2608356;1.116260316;7.974420071;36.7773072;6.965528559;846.6177926
40;66.073;3.685;2010;2;6;9;525;NA;-22.95576421;245.3851654;1.053845324;7.820306301;69.43461542;7.022772951;802.1528719
41;66.023;2.873;2010;2;6;9;525;5.585892449;-22.54602626;276.774377;0.945219509;7.777368069;48.04163955;7.179882002;740.7871987
42;65.912;1.258;2010;2;6;9;525;6.242149923;-23.92345541;343.0259789;1.027790177;7.247064114;71.26572607;7.478843847;751.1505013
43;65.85;0.457;2010;2;6;9;525;6.193124596;-24.28717447;371.5344212;0.850702395;6.807855129;65.42968624;7.521524896;628.8739182
44;66.268;8.615;2010;2;6;8;524;7.972802954;-24.76417509;67.12126252;1.049430388;7.491631985;22.10840981;6.662514588;838.3692796
45;71.76;-6.948;2012;2;6;27;1274;7.905406117;-24.16769769;75.49838798;0.536560591;0.936547875;159.2891165;7.147886411;472.0489328
46;71.763;-8.015;2012;2;6;27;1274;7.756195966;-24.45957422;66.71695599;0.648628884;0.934564233;139.2494615;6.965581237;522.523784
47;71.76;-9.078;2012;2;6;28;1275;6.978834964;-24.50158939;65.82118571;0.596549794;0.934777856;81.31682255;6.802770844;515.2823989
48;65.707;-1.478;2010;2;6;9;525;6.767054612;-23.27652293;399.5708796;0.576994019;5.321160793;58.08773299;7.553301673;491.1189722
49;65.552;-5.502;2010;2;6;9;525;5.290198636;-25.38157813;290.0358631;0.380999523;3.867516994;47.38624202;7.619213563;339.6459189
50;65.508;-6.3;2010;2;6;9;525;4.685865773;-25.76825527;253.4600154;0.462110546;3.700158596;38.61342089;7.659418763;373.8168452
51;65.46;-7.095;2010;2;6;10;526;NA;-25.06395505;216.815416;0.460130823;3.357354641;35.47151517;7.586302191;366.0712967
52;65.685;-2.287;2010;2;6;9;525;NA;-23.71484655;380.7521113;0.653584611;4.980950832;55.85637957;7.574672588;485.1734195
53;65.658;-3.093;2010;2;6;9;525;NA;-23.55147301;360.5056735;0.566330503;4.787377834;53.50745483;7.575795027;442.9595422
54;65.627;-3.897;2010;2;6;9;525;NA;-25.04319616;345.0107307;0.534850367;4.342431545;62.60797473;7.555882877;412.3061811
55;65.592;-4.7;2010;2;6;9;525;NA;-25.46099599;326.6198729;0.533766109;4.092950344;52.75449813;7.562487844;404.3601309
56;69.835;-10.1;2012;2;6;28;1275;6.250032993;-24.19138619;88.75794547;0.952046508;1.771936059;102.6997923;7.0650731;546.8709975
57;67.85;-14.36;2012;2;6;30;1277;7.992616714;-24.11245873;86.11167954;2.531337515;2.539849758;35.49653034;6.254193951;1220.930965
58;67.848;-15.245;2012;2;6;30;1277;8.124549845;-23.84462864;79.68969743;2.31659042;3.538201809;54.75821348;6.209227503;1386.097292
59;67.842;-16.127;2012;2;6;30;1277;7.741110212;-23.77894401;81.34275498;2.294212123;3.582726955;52.32423715;6.123808675;1354.809765
60;67.847;-13.477;2012;2;6;29;1276;6.868640505;-24.7899842;106.2171998;0.606203526;2.122125149;22.88388017;6.397173237;497.5935635
61;67.838;-16.858;2012;2;6;30;1277;7.423665529;-23.83174721;90.84046821;2.416376938;3.540307522;49.35493613;6.093000357;1489.337532
62;67.668;-21.298;2012;2;6;30;1277;8.951441112;-22.71309841;63.01045843;1.826118334;4.433801174;18.76638271;6.154013226;1241.835979
63;67.845;-17.742;2012;2;6;30;1277;7.935349851;-21.53840023;78.85262082;1.515622214;3.782281399;29.80808003;6.049974877;1141.724622
64;67.847;-18.625;2012;2;6;30;1277;9.525383652;-22.76970186;68.60308352;1.324783546;4.081628323;19.5893819;6.054760438;1030.839531
65;67.843;-19.508;2012;2;6;30;1277;7.981477916;-22.37542873;77.16641847;1.324954191;3.674096584;19.09408147;6.089065742;708.1009979
66;50.413;-17.163;2010;2;6;19;535;9.079315861;-21.23135159;342.0454705;0.680088926;13.41195107;23.23409259;7.315194664;806.7149455
67;50.478;-16.648;2010;2;6;19;535;8.317011349;-22.21164317;315.2008658;0.668801107;13.37526894;21.43800318;7.325669411;806.0078456
68;50.538;-16.133;2010;2;6;19;535;6.472893446;-21.40368858;292.1423683;0.605628069;13.25985146;21.4555138;7.36162393;726.7009234
69;50.598;-15.618;2010;2;6;20;536;6.092411206;-21.51160394;270.2308921;0.517916523;13.27227211;21.64562911;7.299565612;655.8541155
70;50.655;-15.098;2010;2;6;20;536;6.924806957;-20.54093204;253.5119883;0.553247484;13.17409706;21.08278772;7.281562014;692.7664533
71;50.858;-13.015;2010;2;6;20;536;7.455776693;-21.08839637;122.2930231;0.572383731;13.11211586;19.90207156;7.373038771;671.9623462
72;59.985;-11.708;2012;2;6;6;1253;3.648300175;-22.99513579;54.360837;0.847343574;9.466913223;138.4064501;8.430311527;743.0131138
73;60.118;-7.71;2012;2;6;5;1252;4.554091819;-22.03913846;85.51713941;0.683321733;9.35933876;228.6962152;8.63595695;579.6524241
74;60.087;-9.047;2012;2;6;5;1252;4.130834792;-21.59881482;103.2330725;0.746802972;9.441797256;121.7213298;8.651784557;662.1601563
75;60.067;-9.713;2012;2;6;5;1252;4.044245783;-22.27805086;88.37979314;0.829786066;9.418207169;159.14653;8.642829357;683.1786194
76;53.867;-28.843;2011;2;6;18;899;4.00510045;-23.22523732;962.5487564;0.480302509;7.916039944;47.40375265;9.530540878;457.0687963
77;53.958;-28.298;2011;2;6;18;899;3.667770893;-22.7046786;926.2989575;0.539782079;8.158349991;47.06354629;9.577448295;510.0591213
78;54.45;-24.983;2011;2;6;18;899;5.863487069;-20.75156421;713.210858;0.855123568;8.994592667;63.05824785;9.937106944;700.4332331
79;54.848;-21.597;2011;2;6;18;899;NA;-18.511;508.6634042;0.767100082;10.04949379;66.8855693;10.28635973;720.1438222
80;53.48;-30.997;2011;2;6;17;898;4.520612713;-22.87114259;994.4374128;0.826655219;7.610497952;61.76996644;9.664552807;551.9009308
81;41.948;-54.467;2016;2;6;9;2717;8.822129683;-21.66181983;269.3076221;0.927027017;11.26934242;19.32171955;7.540464536;803.5724682
82;41.82;-54.053;2016;2;6;9;2717;8.716162566;-21.71767757;257.6249637;0.998067534;11.8555851;26.50857872;7.6997901;871.6253475
83;55.458;-13.383;2013;2;6;10;1622;3.795368151;-20.35544927;181.8708129;0.374424137;10.75869179;143.8447487;9.589418277;443.4312782
84;55.48;-12.797;2013;2;6;10;1622;3.397378046;-20.32126351;165.5534801;0.261477231;10.76445961;139.3094979;9.456354545;365.8568878
85;55.498;-12.208;2013;2;6;10;1622;3.308364698;-20.96509153;137.8054724;0.311078832;10.73836708;239.4802562;9.383400058;410.6872525
86;55.515;-11.622;2013;2;6;10;1622;3.825185085;-21.69704017;106.4747338;0.353186583;10.6847477;205.8448548;9.211646622;442.072305
87;55.527;-11.033;2013;2;6;10;1622;4.404719663;-23.17503713;76.61064573;0.623296316;10.59212685;79.10798278;9.065137934;602.6177242
88;65.862;3.562;2011;2;6;29;910;6.67649621;-23.56382601;241.1391832;1.925797158;8.811639786;15.56444058;6.847299663;1592.227966
89;65.753;-0.498;2011;2;6;29;910;11.98587911;-22.72755724;395.2003313;1.784824736;7.404229641;13.30056743;6.611036372;1250.54125
90;65.588;-3.71;2011;2;6;29;910;8.34675784;-22.81035561;342.9302578;0.885737224;5.826196194;12.9778717;6.581026323;766.5534319
91;65.537;-4.507;2011;2;6;29;910;7.769805396;-24.27286641;325.5548868;0.784942716;5.554284573;13.02039749;6.642788836;716.4341209
92;65.422;-6.087;2011;2;6;30;911;6.432897566;-26.85151629;264.0852483;0.970837685;4.961144924;13.23552798;6.751248055;783.0787635
93;65.848;2.747;2011;2;6;29;910;6.557942862;-23.56647401;275.5572552;2.820182628;8.847681046;16.25736087;6.845678812;1947.636827
94;65.808;1.122;2011;2;6;29;910;7.778860509;-22.4317801;345.9037515;2.3751266;8.468347549;15.21422816;6.765321091;1719.988468
95;65.783;0.312;2011;2;6;29;910;6.858158817;-23.24528017;370.3956693;2.157639091;7.909692287;13.25554012;6.667595954;1576.455279
96;49.913;-30.562;2016;2;6;11;2719;4.371576457;-22.91846262;1177.087503;0.962365274;10.95571327;28.18209379;8.850654824;845.5326162
97;50.085;-30.117;2016;2;6;12;2720;4.401274715;-22.17186111;1140.185036;0.885800936;11.28820229;31.22894185;8.839179201;810.4676775
98;48.107;-19.373;2009;2;6;5;156;5.57371858;-19.94328413;611.3001128;0.675313066;13.04094887;38.45332378;9.007897595;737.9295015
99;48.43;-17.445;2009;2;6;6;157;3.850828421;-21.65927266;464.6761698;0.6069443;13.00573158;41.67777957;8.887646687;676.5674637
100;48.497;-16.953;2009;2;6;6;157;3.58407086;-21.72317136;427.1208217;0.603993868;12.94637489;46.35811842;8.817374708;677.0602384
101;48.625;-15.965;2009;2;6;6;157;4.181371959;-21.031341;353.7774796;0.579689077;12.75768471;33.96560176;8.707051511;680.9896545
102;48.687;-15.468;2009;2;6;6;157;3.804209656;-21.55580372;316.3486305;0.669175956;12.66604042;37.13252265;8.757083117;716.5241951
104;48.808;-14.488;2009;2;6;6;157;4.154832836;-21.12016448;243.2674069;0.743499798;12.51555824;31.19642212;8.531359407;778.7165415
105;48.872;-13.99;2009;2;6;6;157;4.000375681;-21.5558792;205.9796115;0.655635021;12.53573036;28.89502622;8.433310101;722.5513977
106;48.99;-12.993;2009;2;6;6;157;5.300994424;-21.59289091;133.2451683;0.604730753;12.53179359;29.97568169;8.446252593;644.0845795
107;49.047;-12.492;2009;2;6;6;157;6.13829775;-21.67655885;96.18215397;0.623362819;12.53295326;29.82308913;8.364545513;655.2533468
108;45.987;-28.685;2009;2;6;4;155;5.341844994;-22.26215433;1296.351361;0.459240773;14.4231205;54.97584548;9.884688635;606.772493
109;46.228;-27.798;2009;2;6;5;156;1.8252238;-22.53107985;1226.988378;0.494446389;14.39196205;66.80552075;9.700790975;623.8950615
110;46.348;-27.348;2009;2;6;5;156;1.968806141;-22.59774146;1192.601603;0.494900091;14.26247597;63.89875766;9.649345176;635.8236056
111;46.465;-26.897;2009;2;6;5;156;2.807857269;-22.06000627;1158.344435;0.470281146;14.07656288;57.67998567;9.697269677;594.6785719
112;46.808;-25.528;2009;2;6;5;156;4.23546834;-20.03080156;1056.784475;0.431471371;13.72390175;82.84024657;9.490858402;591.5892733
113;46.913;-25.083;2009;2;6;5;156;4.271381036;-21.25976848;1023.142105;0.516074827;13.77013588;88.51368779;9.497386378;638.876339
114;47.018;-24.62;2009;2;6;5;156;4.635623022;-20.75537188;990.0800686;0.458611068;13.83803749;69.19697128;9.471797199;531.6231995
115;47.122;-24.155;2009;2;6;5;156;5.047662515;-20.65372695;957.2541408;0.61530046;13.91915321;72.87170017;9.461942427;696.6541859
116;47.222;-23.687;2009;2;6;5;156;5.559632773;-21.14326662;924.6836947;0.52311908;13.94756508;80.05355631;9.447768089;643.3315094
117;47.322;-23.217;2009;2;6;5;156;3.930267327;-21.02098371;892.3906578;0.652300514;13.90392494;91.25284922;9.413138615;765.1120941
118;47.418;-22.747;2009;2;6;5;156;3.817619282;-21.94864733;860.3999285;0.560519027;13.78869057;85.16165462;9.449097186;644.1343994
119;47.513;-22.273;2009;2;6;5;156;2.451790067;-21.71675736;827.9141997;0.548586758;13.67131996;73.58963564;9.408786631;640.0031151
120;45.352;-30.89;2009;2;6;4;155;5.812431048;-21.74068962;1277.705072;0.436922592;14.09819984;37.29011824;9.534560587;566.0943197
121;43.897;-35.335;2009;2;6;4;155;6.911907867;-20.32908163;986.2802581;0.510828842;15.46196938;40.5971241;9.091156639;723.0966125
122;44.748;-32.815;2009;2;6;4;155;4.427514246;-21.28370852;1146.02334;0.417452298;14.53789711;34.35083543;9.442557054;595.5762177
123;41.147;-28.378;2011;2;6;2;883;9.07252274;-22.16154821;1564.88423;0.673387587;15.17229652;25.13274421;7.498565547;788.611084
124;41.313;-27.995;2011;2;6;2;883;8.188646348;-22.23160006;1529.313511;0.718208704;15.12951088;24.51236792;7.508562143;861.6050644
125;60.028;-14.965;2012;2;6;6;1253;3.432897212;-23.28583902;122.3657715;1.128127999;9.556238174;59.97888006;8.212683967;821.88011
126;48.625;-20.787;2016;2;6;18;2726;5.739564439;-21.94197705;663.2712611;0.706561244;13.16295815;29.43535395;8.985452866;760.2110901
127;57.447;-41.68;2009;2;6;30;181;6.006532525;-25.84969931;253.1232646;0.486957746;4.97820425;30.44346542;7.940960516;405.0673087
128;54.152;-49.682;2009;2;6;30;181;5.918472956;-24.15275827;222.6676386;1.555583317;4.7767272;26.32346644;7.889150026;784.7914429
129;54.925;-47.81;2009;2;6;30;181;5.760611131;-25.13048617;363.4353473;1.074694203;4.67540884;24.00956295;7.91734067;654.7521896
130;55.3;-46.845;2009;2;6;30;181;5.344638861;-24.94752478;436.3710007;1.858604424;4.725427151;26.92132907;7.859577606;729.393365
131;61.633;-30.557;2010;2;6;22;538;3.133344234;-23.79378746;333.1684769;0.665137263;8.163263321;25.29784435;7.806016598;660.522224
132;63.208;-25.907;2010;2;6;22;538;3.242271996;-23.0157614;71.60232606;0.997709403;8.431146622;98.13952632;7.332485088;884.7173136
133;60.792;-32.703;2010;2;6;21;537;3.201893812;-23.89241324;416.6438486;0.868051567;8.094751358;26.6361561;7.801348548;724.1054775
134;61.217;-31.645;2010;2;6;22;538;3.186393077;-24.09321708;406.4157758;0.757784219;8.089654922;22.78882251;7.773725201;683.4010586
135;55.892;-45.162;2010;2;6;20;536;5.086871796;-24.8739595;401.3995615;1.286987342;5.188348293;23.46923521;9.117766954;678.196804
136;58.192;-39.908;2010;2;6;20;536;3.976149115;-25.21905554;234.7822435;0.737255065;6.182946682;25.73310836;9.101055984;561.2316551
137;58.388;-39.398;2010;2;6;21;537;3.458056698;-24.80439935;240.2975297;0.713122398;6.343102932;23.25660624;8.789731101;591.3483658
138;58.778;-38.36;2010;2;6;21;537;4.24913329;-24.62208668;260.6214529;0.842961192;6.691949368;23.11902279;8.618192427;653.179542
139;56.11;-44.712;2010;2;6;20;536;4.006919829;-25.17596025;376.2211327;1.215593711;5.149499416;26.31596189;9.172644904;651.3062439
140;58.97;-37.833;2010;2;6;21;537;3.78887615;-24.6843736;276.8146854;0.817910772;6.785424709;22.26350388;8.505912053;647.1695651
141;56.753;-43.327;2010;2;6;20;536;4.332286793;-24.48610081;308.5315246;0.936614908;5.080346584;24.23469951;9.4587453;521.7103907
142;62.037;-29.458;2012;2;6;1;1248;4.07792072;-23.99727189;262.3167174;1.06655057;6.855584621;32.98250547;7.537190418;704.5490697
143;62.818;-27.125;2012;2;6;1;1248;4.435449693;-23.43401683;124.938202;1.199041221;7.114251614;43.81657685;7.79003501;754.9346657
144;63.008;-26.523;2012;2;6;2;1249;5.21548986;-23.13873099;96.41967277;0.949526261;7.275903225;47.80399541;7.632658519;668.527464
145;60.363;-33.772;2012;2;6;1;1248;4.696040293;-25.01801191;420.8115339;0.521937368;6.189324856;27.0414019;7.175631321;455.4709106
146;61.007;-32.208;2012;2;6;1;1248;3.926523183;-24.55817811;419.0171221;0.632891121;6.179528713;29.47037519;7.152789484;491.0615234
147;60.143;-34.317;2012;2;6;25;1272;4.58828847;-24.59975485;405.8522977;0.71915867;7.105584621;18.40866574;6.525009725;634.847229
148;61.427;-31.172;2012;2;6;25;1272;4.401770149;-24.22252244;371.306886;1.252491864;7.470178127;19.36924838;6.582116345;894.8012466
149;61.837;-30.067;2012;2;6;25;1272;3.944021524;-24.36192017;299.805141;1.100252433;7.35131216;20.69755406;6.721533811;847.8164617
150;62.238;-28.933;2012;2;6;26;1273;4.012044238;-24.32871475;228.4119767;1.323426847;7.898034573;22.01335215;6.366137999;1012.372186
151;63.2;-25.962;2012;2;6;26;1273;3.872470038;-24.25225934;72.31918259;1.91531171;8.281335831;24.94513042;6.197723515;1287.242822
152;60.58;-33.297;2012;2;6;25;1272;3.898098828;-23.91839279;415.0832626;0.961555276;7.336999416;21.20286055;6.713393089;737.738383
153;57.278;-42.127;2012;2;6;24;1271;4.575602558;-25.0434763;262.814059;0.824524653;5.302117825;23.27411687;7.417227211;593.7442993
154;57.687;-41.147;2012;2;6;24;1271;4.422547765;-26.7372512;241.578775;0.865198347;5.293450832;20.38986743;7.267181017;607.8649902
155;58.478;-39.117;2012;2;6;24;1271;5.133418931;-27.82511555;244.7553092;1.150058562;5.741967678;19.74447597;6.725938473;744.6054077
156;58.862;-38.068;2012;2;6;25;1272;4.7777915;-26.37489182;270.4446127;0.981963552;6.069329739;16.72264308;6.431300246;632.3382619
157;59.603;-35.903;2012;2;6;25;1272;3.327314057;-25.34182105;351.685633;0.778783297;6.761620998;16.10476831;6.264684907;621.442098
158;59.783;-35.345;2012;2;6;25;1272;5.705792076;-24.87752352;373.2799717;0.688506693;6.912774563;17.45808917;6.333141533;610.7497978
159;56.227;-44.485;2012;2;6;24;1271;5.140052685;-26.85166139;363.3221507;0.961131585;5.185418606;21.24788786;7.276229415;589.3983398
160;56.44;-44.025;2012;2;6;24;1271;5.372723965;-26.5377047;340.9991889;1.575381557;5.098992825;20.2122597;7.302065774;835.1598714
161;53.152;-51.812;2012;2;6;23;1270;8.100010816;-22.17544427;64.19694469;1.47822616;3.033410549;12.14236493;7.04035918;651.9917824
162;53.353;-51.368;2012;2;6;23;1270;6.692251817;-23.35068369;101.4179102;3.053089118;3.757379055;14.90404001;7.197849131;1011.166876
163;61.507;-30.883;2013;2;6;9;1621;4.230835171;-24.84481122;355.8764446;0.353165622;6.850152493;71.35077766;8.826544671;391.0993601
164;61.713;-30.333;2013;2;6;9;1621;4.033117565;-25.2627213;318.7343673;0.491233733;7.031945705;71.28573821;8.806223256;489.9232746
165;62.32;-28.642;2013;2;6;10;1622;3.748330601;-25.6493204;212.366838;0.499101434;7.341790676;85.06409545;8.626945021;489.0633174
166;62.713;-27.475;2013;2;6;10;1622;4.022362365;-25.30065641;142.9467927;0.57603636;7.538995266;126.4316869;8.554428164;525.6104736
167;63.097;-26.277;2013;2;6;10;1622;4.641226;-23.23345964;83.72812485;0.511162378;7.506890774;90.78756701;8.447650577;465.2597514
168;58.658;-38.72;2013;2;6;9;1621;4.730688836;-25.14432039;251.7647414;0.411945241;5.088189602;46.98099622;10.90674436;365.4073842
169;59.42;-36.592;2013;2;6;9;1621;4.683263149;-25.4619946;322.3025951;0.416283657;5.244744778;50.00032759;9.985922912;385.9735321
170;53.577;-50.887;2013;2;6;7;1619;6.46830219;-22.20324226;137.514145;1.430170965;3.488397121;26.45354534;8.720358694;689.9580658
171;54.365;-49.058;2013;2;6;7;1619;7.005033639;-22.51949102;268.6198568;0.639829771;4.329675198;32.71484312;9.006191649;434.8372955
172;54.558;-48.59;2013;2;6;7;1619;5.453447046;-24.05940512;303.4243494;0.674133351;4.314599514;35.34643931;9.027047945;466.6475281
173;55.125;-47.16;2013;2;6;8;1620;5.906286926;-23.87966627;410.1098167;0.575453857;4.278649807;27.81186923;8.984934193;436.3736359
174;55.31;-46.673;2013;2;6;8;1620;5.557176089;-24.72923634;447.8065437;0.666515708;4.136559963;35.43649393;8.982280051;448.999265
175;55.493;-46.183;2013;2;6;8;1620;4.899835049;-25.50299978;451.8662561;0.671880662;4.181970119;38.02056129;9.058909816;454.0502964
176;62.928;-25.762;2013;2;6;12;1624;6.032770729;-21.36179785;79.73175838;0.921469054;7.585595608;92.69122166;8.213984699;648.7928081
177;62.46;-26.795;2013;2;6;13;1625;3.683663076;-24.82539429;150.5990976;0.824558595;7.633782864;121.2960719;8.253561819;647.191118
178;61.012;-29.708;2013;2;6;13;1625;5.351058521;-23.7414424;364.4895274;0.606924891;7.356042385;59.0583217;8.868998801;569.2375778
179;60.515;-30.62;2013;2;6;13;1625;4.76856973;-23.75187413;437.3763507;0.553712456;7.098351955;53.01715744;9.15245721;513.5600077
180;57.218;-36.593;2013;2;6;14;1626;4.778453589;-25.02969305;449.6663814;0.718980465;5.867364407;40.83226672;10.15000162;480.3884136
181;56.982;-37.027;2013;2;6;14;1626;4.243535339;-27.02382497;450.0512409;0.626843264;5.819482327;37.48023356;10.10855242;485.4685262
182;54.293;-41.447;2013;2;6;14;1626;4.196376315;-26.05264628;595.8546712;0.985820895;5.441644192;28.98257932;8.807086359;664.7496185
183;58.147;-34.805;2013;2;6;14;1626;4.68263221;-25.683302;474.7555044;0.456504889;6.158532619;47.68142106;9.887962753;427.6711388
184;50.262;-48.17;2013;2;6;16;1628;6.286053274;-21.30787395;235.0736173;1.642593716;5.198998928;20.11470053;8.183423561;787.7401692
185;60.022;-17.782;2012;2;6;7;1254;4.09375127;-23.00827457;247.2823738;0.762605254;9.208826065;54.93582121;8.219021492;736.1491165
186;60.01;-18.448;2012;2;6;7;1254;3.79423837;-22.66498575;281.3578456;0.860269203;9.305719376;56.82196524;8.224046129;744.3095215
188;61.68;-28.267;2014;2;6;5;1982;5.282427025;-23.0799276;264.1844809;0.894023545;7.796716213;52.08158998;8.903478345;632.7044795
189;59.71;-31.94;2014;2;6;6;1983;5.110307144;-22.18419205;537.4856426;1.414581424;7.007043362;40.73720907;8.923244619;693.5019161
190;59.457;-32.37;2014;2;6;6;1983;3.952892653;-24.95956925;539.0501878;1.377307302;6.91671133;40.654659;8.8835743;735.0956635
191;58.688;-33.617;2014;2;6;6;1983;4.151992093;-25.23743955;510.5135538;0.760064701;6.626061916;54.63814065;8.822358824;505.8088074
192;58.43;-34.02;2014;2;6;7;1984;3.870148096;-24.98749601;500.7922329;1.120514591;6.509484768;88.74382738;8.82101757;612.9116638
193;58.17;-34.418;2014;2;6;7;1984;4.02896751;-24.90491385;493.5806043;1.102843467;6.454431057;51.0284512;8.847299663;634.1792183
194;62.857;-25.73;2014;2;6;5;1982;5.438447519;-21.61292469;82.0075578;0.783996676;7.803765774;58.84068969;8.620234699;552.6248556
195;56.647;-37.268;2014;2;6;7;1984;4.881493592;-24.75069923;468.2965239;0.621012735;5.725762844;56.46174675;9.043649507;414.677798
196;56.412;-37.695;2014;2;6;7;1984;3.870698871;-24.71494592;471.9898878;1.068286893;5.680016994;53.2998289;9.092757229;545.6074931
197;54.477;-40.932;2014;2;6;8;1985;4.761664235;-24.81472326;583.010349;0.516043002;4.962121487;40.20188437;9.078574786;397.9512736
198;57.575;-35.503;2014;2;6;7;1984;4.306507301;-25.12125974;475.6110782;1.274694818;6.283105373;41.62024467;8.950146687;636.1876556
199;57.113;-36.397;2014;2;6;7;1984;3.714274297;-25.3431127;466.0658417;0.889937904;6.118676662;62.44787763;9.017464665;552.3585739
200;56.882;-36.835;2014;2;6;7;1984;4.173244167;-25.05476899;466.4339626;0.983258148;5.830163479;54.10281595;9.024045319;580.6712409
201;49.518;-47.845;2014;2;6;10;1987;8.000676366;-20.8342143;194.0693471;1.673846466;4.574883938;26.71620466;8.074571285;705.4321785
202;48.998;-48.485;2014;2;6;10;1987;7.591805052;-20.46935447;126.0011252;1.818683258;3.507897854;24.39979965;7.237012934;786.0512787
203;51.81;-44.79;2014;2;6;9;1986;6.978382361;-20.94578679;522.6772262;0.942919523;7.441644192;36.2569916;9.645515917;622.9964478
204;51.558;-45.143;2014;2;6;9;1986;6.995730279;-22.02728077;484.0693633;1.089155656;7.561639309;30.8161915;9.603746596;685.5260315
205;51.307;-45.495;2014;2;6;9;1986;6.864368504;-22.9831922;447.4759639;1.027246565;7.249963284;28.73743063;9.525196123;640.784996
206;51.055;-45.842;2014;2;6;9;1986;7.201019682;-21.14084144;410.8118856;0.950488756;6.715905666;33.565359;9.430433091;617.8356425
207;59.455;-35.125;2015;2;6;12;2354;6.273643486;-23.33793928;398.023372;0.405306405;5.115746975;58.6530759;8.560247018;359.39829
208;59.223;-35.592;2015;2;6;13;2355;4.567745667;-24.68016197;383.145893;0.536232544;5.00441885;63.13329336;8.444579065;413.2024002
209;58.988;-36.053;2015;2;6;13;2355;4.330947756;-24.89176595;368.5396367;0.428887873;4.904443264;54.97584548;8.433816617;370.5822634
210;58.275;-37.4;2015;2;6;13;2355;4.916918722;-24.52418545;339.0506713;0.355707491;4.735558987;60.06393165;8.370789841;318.9047594
211;55.212;-42.467;2015;2;6;14;2356;4.925904996;-23.94189874;484.4261784;0.838245613;4.344415188;142.0011305;8.56884563;506.5541923
212;53.843;-50.022;2016;2;6;12;2720;6.111285395;-23.93798249;195.4784807;1.097126636;4.221948147;27.17898536;7.733718555;578.2898305
213;56.747;-43.597;2016;2;6;13;2721;5.183403787;-22.38404866;306.8410786;1.259002645;4.058526516;27.95945875;8.446191811;657.7665482
214;44.838;-3.902;2014;2;6;17;1994;8.609656988;-23.17046281;81.65063458;0.246778359;15.29195595;13.25804164;6.328339763;448.5316525
215;59.432;-32.763;2017;2;6;4;3077;4.855009575;-24.43134387;520.7379305;0.550249428;5.820306301;65.10198747;9.57921097;433.3038897
216;59.185;-33.202;2017;2;6;4;3077;4.479200889;-24.29008417;511.0036863;0.598525763;5.663415432;46.65329746;9.636171713;437.4810268
217;57.927;-35.297;2017;2;6;4;3077;4.545010737;-24.74434713;462.0970102;0.619806121;5.152123928;42.02298895;9.587189607;409.7236684
218;55.462;-39.58;2017;2;6;5;3078;5.102174916;-24.54882035;505.5160492;1.043703369;4.464074612;37.74039135;9.041400577;564.0618853
219;54.987;-40.402;2017;2;6;5;3078;5.508011938;-24.03698199;538.5051317;1.081728256;4.392938137;40.23940713;8.943728119;563.3786377
220;54.507;-41.203;2017;2;6;5;3078;NA;-24.63506242;577.4635011;1.215139727;4.409692287;29.99569382;8.837436787;609.9335988
221;54.022;-41.987;2017;2;6;5;3078;4.927044301;-24.30333684;620.9176436;1.543937349;4.567681789;29.50289492;8.655386897;659.8594238
222;53.532;-42.75;2017;2;6;5;3078;5.411989143;-24.13388099;656.6916513;2.030473749;5.060327053;31.3515162;8.636273016;811.1846517
223;53.285;-43.127;2017;2;6;5;3078;4.860250733;-23.6512782;630.0139789;1.483738482;5.31591177;29.68300416;8.590556924;722.3643188
224;56.163;-38.312;2017;2;6;4;3077;5.710345134;-23.60049539;473.7962147;1.143133038;4.542260647;49.18233144;9.290342972;596.4142944
225;55.93;-38.74;2017;2;6;4;3077;4.399247201;-24.74435361;483.2679492;1.033244562;4.524102688;38.62342696;9.280958247;552.2245789
226;51.082;-46.302;2017;2;6;6;3079;7.698115725;-22.12605577;390.2657911;1.326746093;5.741662502;33.28268754;8.508610769;692.2205985
227;61.917;-29.3;2018;2;6;21;3459;NA;-23.41802767;268.1759873;0.754470004;6.918847561;39.47644435;8.410399378;622.1617304
228;62.167;-28;2018;2;6;21;3459;NA;-22.6654704;209.5271165;0.52974703;7.115441799;36.45461147;8.197897757;536.9327557
229;53.583;-43.04;2018;2;6;23;3461;5.564859422;-22.99904719;638.4230926;1.284698824;6.087213039;34.77109033;9.754793666;690.4307378
230;50.785;-47.212;2018;2;6;24;3462;7.855213691;-23.45879979;322.0384616;0.857218549;4.942956448;29.17519615;9.30813586;515.7236786
231;50.548;-47.582;2018;2;6;24;3462;6.863995534;-23.12569026;285.5395956;0.712350195;4.750329494;27.06141404;9.196827995;449.558904
232;60.17;-18.667;2012;2;6;7;1254;3.937535223;-22.7183185;298.7977689;1.074068261;9.256860733;55.1659608;8.220950305;817.187112
233;60.837;-18.667;2012;2;6;7;1254;4.099109246;-23.50348916;266.7525972;0.800643884;9.215600967;56.96705324;8.364209187;715.6285275
234;71.648;15.503;2017;2;6;3;3076;NA;-26.4172618;112.8708299;0.571896185;6.220635891;97.42659389;8.669751686;536.466918
235;71.925;15.027;2017;2;6;3;3076;5.073395153;-25.52030709;141.1510738;0.567716127;6.179986477;93.45418444;8.735165165;554.2821187
236;60.913;-9.653;2009;2;6;13;164;NA;-24.3707486;106.3741051;0.966221071;9.513269424;34.99622689;8.853616928;846.0976516
237;61.242;-10.835;2010;2;6;12;528;3.257849967;-23.66225622;125.2608178;0.949665239;9.283288956;124.3404184;7.986838693;756.1550716
238;61.407;-11.438;2010;2;6;12;528;NA;-23.40084551;121.7412884;0.965919021;9.316583633;127.7900108;8.033486774;793.0841715
239;59.827;-7.775;2011;2;6;11;892;NA;-22.61577041;83.99826863;1.233887469;9.885370255;47.17861609;9.148842713;916.0276489
240;60.088;-8.997;2011;2;6;11;892;NA;-22.18677719;104.6848919;1.022945435;9.720972061;54.26791609;9.382528851;851.329303
241;60.34;-10.24;2011;2;6;11;892;NA;-22.80279318;115.5717304;1.007535689;9.552087784;98.63982978;9.647023308;797.6662702
242;60.462;-10.87;2011;2;6;11;892;NA;-23.69945473;81.02294812;1.184183347;9.429346085;70.85547724;9.730561949;851.0600044
243;61.5;-14.353;2011;2;6;11;892;NA;-23.04800722;146.6892043;0.789634732;9.019983292;135.199505;10.20939769;691.6516988
244;61.667;-14.962;2011;2;6;11;892;NA;-23.06547945;181.1736184;0.675950912;9.030145645;135.1544777;10.1865437;600.9925772
245;62.15;-16.818;2011;2;6;11;892;3.351244789;-24.11269551;127.4158148;0.93250473;8.801294327;164.3396799;9.952586067;706.8118392
246;59.692;-7.17;2011;2;6;10;891;NA;-22.28245632;50.56007995;1.427591827;10.04686928;55.78383557;9.072148113;994.1908983
247;60.343;-10.258;2012;2;6;9;1256;3.336757001;-22.98284139;114.5813106;0.787573208;9.319849014;141.2681859;8.659228313;677.3652247
248;60.465;-10.888;2012;2;6;9;1256;NA;-23.44536456;80.11438048;0.758518767;9.285730362;120.5531212;8.661874352;666.4656115
249;60.64;-11.433;2012;2;6;9;1256;NA;-23.30603501;56.47784178;0.831128631;9.361291885;101.6216384;8.605100006;724.7336814
250;60.822;-12.005;2012;2;6;9;1256;2.314703789;-23.65320882;50.11367824;0.649372734;9.255426407;88.04590406;8.503322744;650.9856369
251;61.002;-12.582;2012;2;6;9;1256;2.807399287;-23.32821445;61.1639232;0.723627073;9.256402969;77.42196012;8.445194988;694.7060002
252;62.023;-16.188;2012;2;6;9;1256;NA;-23.81531941;142.7001559;0.72312229;8.965906143;135.417137;8.500064834;655.7830505
253;61.818;-9.918;2013;2;6;22;1634;NA;-23.56508284;70.96460452;0.786856131;9.432916641;148.5726164;8.538049468;763.7712886
254;61.97;-10.547;2013;2;6;22;1634;NA;-24.25172808;100.4404405;0.975196859;9.450677872;135.3971248;8.631503663;877.2546107
255;62.267;-11.823;2013;2;6;22;1634;NA;-23.79444875;164.8739499;1.050392778;9.31246376;157.2979087;8.634567071;912.3613831
256;62.628;-13.8;2013;2;6;22;1634;NA;-23.01634292;121.6545364;1.375890899;9.211450577;171.7241589;8.505312338;1050.500767
257;62.733;-14.49;2013;2;6;22;1634;NA;-23.94085668;98.97985869;1.653508771;9.076410294;159.2741074;8.376588434;1222.951952
258;59.835;-7.743;2014;2;6;7;1984;NA;-22.44590649;83.56007898;1.326006605;9.778863907;118.4418406;8.371612422;970.1970556
259;59.968;-8.353;2014;2;6;7;1984;NA;-22.32245022;114.075564;1.501288969;9.75374794;145.1380332;8.303488071;1011.361783
260;60.227;-9.585;2014;2;6;7;1984;NA;-23.33068968;107.983763;1.234904636;9.670007706;86.46244361;8.341569956;903.7499302
261;60.473;-10.837;2014;2;6;7;1984;NA;-23.11324988;82.84048027;1.324578432;9.455255508;104.9111336;8.252751394;952.4325485
262;62.447;-16.463;2012;2;6;8;1255;3.488064462;-23.7803979;95.6007346;0.768506095;8.734247208;122.7969822;8.597133526;667.2838567
263;62.727;-16.072;2012;2;6;9;1256;3.212784489;-24.07833088;63.28476074;0.704645138;8.714746475;198.1226709;8.881280796;657.524737
264;61.6;-17.6;2012;2;6;8;1255;3.620397046;-23.4913542;181.4790514;0.714381021;9.145837784;126.9570055;8.41297653;692.2618914
265;61.883;-17.228;2012;2;6;8;1255;3.573055929;-24.25836616;152.6576217;0.80809015;9.073266983;132.5003678;8.498699267;719.0152705
266;59.99;-7.227;2015;2;6;20;2362;4.83614919;-22.64704566;69.11558201;0.855665296;9.440485001;74.17999372;9.184554104;790.6204997
267;60.912;-10.043;2015;2;6;20;2362;3.71206582;-24.14252358;124.2850152;0.644331587;8.826715469;129.125821;9.627970209;603.7466164
268;61.435;-11.812;2015;2;6;20;2362;3.268171293;-24.74554348;117.2385941;0.758208597;8.708978653;132.1476539;10.14732317;734.1710876
269;61.772;-13.022;2015;2;6;20;2362;3.747863144;-24.33604631;147.9746458;0.559086623;8.553430557;169.1676083;10.33836067;571.8798269
270;61.935;-13.637;2015;2;6;20;2362;NA;-24.21755638;173.6970389;0.467060285;8.487207413;176.2919295;10.40223029;513.2508672
271;62.097;-14.26;2015;2;6;21;2363;3.353541328;-24.1400959;165.3919567;0.488079563;8.419519424;187.3236207;10.28037879;512.5334864
272;62.255;-14.887;2015;2;6;21;2363;2.831375016;-24.91394392;134.1764703;0.698554092;8.341974258;149.092932;10.03188618;660.4413011
273;62.41;-15.523;2015;2;6;21;2363;3.312903464;-24.67937137;103.8793999;0.628562281;8.345575333;138.5890609;9.964130576;607.6843109
274;60.18;-7.778;2015;2;6;20;2362;3.067556314;-24.1920651;81.48166131;0.87319406;9.275903702;148.5601088;9.249995948;772.1080994
275;62.562;-16.165;2015;2;6;21;2363;2.930838648;-24.35594164;81.54730574;0.718223522;8.327203751;153.6907208;9.727186527;637.7827651
277;60.032;-7.365;2016;2;6;18;2726;3.751750359;-21.48804845;78.28957425;0.637145867;9.657068253;74.94045497;8.020754992;655.1787077
278;59.998;-7.372;2017;2;6;16;3089;NA;-24.14308587;76.54505382;1.057579437;9.949151993;120.7082153;8.171125357;907.7809894
279;60.937;-10.165;2017;2;6;16;3089;NA;-24.86120922;128.7935025;0.890164895;9.283777237;121.1409778;8.242292855;762.5909653
280;61.118;-10.743;2017;2;6;16;3089;NA;-24.20329779;117.9075832;1.038000291;9.386896133;73.08432914;8.272011151;819.3178735
281;61.297;-11.328;2017;2;6;16;3089;NA;-24.21069942;114.2216188;0.942395834;9.42373085;64.52413698;8.32753339;790.7653151
282;61.472;-11.92;2017;2;6;16;3089;NA;-24.24157323;118.9119414;1.095979476;9.337366104;56.31165571;8.388594885;863.9182129
283;61.645;-12.518;2017;2;6;17;3090;NA;-24.0422268;133.5092459;0.881609195;9.356714249;68.4765343;8.44479788;788.1742427
284;61.815;-13.123;2017;2;6;17;3090;NA;-24.11289456;154.317363;0.544047256;9.27605629;73.64967205;8.48321204;604.6854587
285;61.983;-13.735;2017;2;6;17;3090;NA;-24.78259463;180.6706522;0.543065932;9.230005264;66.60039633;8.599422977;624.3678131
286;62.148;-14.353;2017;2;6;17;3090;NA;-24.40381972;158.3506181;0.702438118;9.09081459;78.05984703;8.599601271;681.0654358
287;62.31;-14.977;2017;2;6;17;3090;NA;-23.85765712;125.1891753;0.618317494;8.918207169;92.78127629;8.643951796;629.9153667
288;62.47;-15.61;2017;2;6;17;3090;NA;-24.73092681;97.01032548;0.827657012;8.824579239;72.91672749;8.761840314;756.220117
289;60.19;-7.918;2017;2;6;16;3089;NA;-23.628825;86.09995664;0.986200889;9.797510147;119.0472078;8.191037506;825.4724712
290;62.627;-16.248;2017;2;6;17;3090;NA;-24.08402192;74.20646895;0.727386631;8.724573135;68.07629153;8.794326212;673.7924985
291;62.78;-16.893;2017;2;6;17;3090;NA;-23.55814915;59.14265401;0.497971985;8.595392227;77.55203902;8.759048399;541.5926279
292;60.38;-8.47;2017;2;6;16;3089;NA;-24.222423;95.62224218;1.01734187;9.63341713;60.02640889;8.174508882;821.5338593
293;60.755;-9.595;2017;2;6;16;3089;NA;-25.50346911;116.5272747;0.792933102;9.259332657;69.67976411;8.16566309;708.2267427
294;67.098;-9.873;2012;2;6;10;1257;6.881492015;-24.5350151;145.612255;0.60456086;1.469995141;37.97553398;7.58601449;408.1295189
295;69.083;-8.308;2012;2;6;11;1258;5.044927218;-25.87773556;157.9944906;0.312651739;1.776239038;109.5414421;7.965654175;297.5078943
296;69.402;-8.033;2012;2;6;11;1258;4.729909201;-25.90125215;124.3180568;0.557254985;2.034112453;92.47609118;8.016419217;381.1791011
297;69.718;-7.748;2012;2;6;11;1258;4.405839843;-26.31079688;93.06754632;0.760822854;2.400140285;123.2147356;7.98765317;486.7433277
298;68.123;-9.092;2012;2;6;10;1257;5.16300004;-25.84007659;230.7563978;0.411337154;1.164422631;66.14011715;7.820126102;334.8328353
299;68.443;-8.838;2012;2;6;10;1257;4.915757018;-26.60646121;227.9726958;0.417833789;1.222772241;109.0436402;7.903348677;345.4941424
300;68.763;-8.577;2012;2;6;10;1257;4.703833783;-26.48942598;192.742182;0.443618643;1.60836184;123.8576256;8.016200402;346.14888
301;60.987;-4.175;2017;3;9;22;3187;9.01398065;-23.73814173;71.05463906;0.871477809;12.5637455;21.45051076;7.570977049;786.1789684
302;64.037;-10.402;2017;3;9;21;3186;7.824573971;-23.24901197;103.1349842;1.227525923;10.34984779;14.66389435;7.026991215;813.4579348
303;63.805;-9.86;2017;3;9;21;3186;8.380640912;-23.11262257;139.6039246;1.187343072;10.71129799;15.67450734;7.016706918;838.7515826
304;63.57;-9.327;2017;3;9;21;3186;7.813665442;-22.98143688;129.8106701;1.172113627;10.95949745;17.26547234;7.127504214;823.1242269
305;63.095;-8.283;2017;3;9;21;3186;7.110958849;-22.66501093;59.31618221;1.192796511;11.68688393;19.52684397;7.116745818;913.5223955
306;64.268;-10.955;2017;3;9;21;3186;8.300101664;-23.12329619;66.57802675;1.182679038;10.04589272;14.1786;6.99026274;829.4169569
307;65.498;-6.27;2015;3;10;5;2469;9.770983905;-24.02614894;254.9950687;0.865970188;9.306573868;19.21165279;7.559837753;595.2377869
308;65.037;-9.26;2015;3;10;5;2469;7.446592075;-22.78931528;119.0244188;0.874585357;8.572473526;18.03093663;7.225756127;508.4647903
309;64.912;-9.99;2015;3;10;5;2469;7.697185872;-23.26659776;85.84800598;1.508765005;8.608667374;17.53313469;7.173313505;695.0463943
310;64.783;-10.713;2015;3;10;5;2469;8.075590689;-23.89947118;55.75731699;0.88340986;8.324579239;16.25485935;7.134360412;503.7743963
311;65.807;-3.963;2015;3;10;4;2468;9.256777295;-23.61248216;358.9857433;0.731403523;9.977380753;19.76198659;7.866263615;548.752221
312;65.605;-5.507;2015;3;10;4;2468;10.14492061;-24.17831634;289.8818092;0.81905207;9.466882706;17.33051178;7.674358954;586.0432549
313;71.593;14.778;2010;3;9;10;618;7.191897598;-24.18586481;131.9303137;1.247618718;9.258356094;18.67132505;6.520341675;1016.908892
314;71.26;14.833;2010;3;9;10;618;NA;-24.52732206;112.0192531;1.194495925;9.465082169;18.74136754;6.526403657;986.3500235
315;70.93;14.89;2010;3;9;11;619;7.271862188;-25.43852737;101.7278125;0.909553764;9.711023331;16.08225466;6.436831399;866.7954102
316;60.86;-4.09;2018;3;9;23;3553;7.700067115;-23.87335186;62.29078854;1.140907903;12.35030556;19.60939404;7.843956658;878.8550387
317;54.065;-27.738;2009;3;9;12;255;4.199988147;-22.84949488;889.1906656;0.980906266;12.29128456;20.51244178;9.037542953;860.1749033
318;54.395;-25.528;2009;3;9;12;255;5.161857665;-22.55051505;748.0646027;0.961462058;12.85231972;21.55307297;8.991243355;936.2765456
319;53.895;-28.617;2014;3;9;12;2081;10.92147047;-20.8687658;947.1505015;1.071556225;13.29357338;14.38622593;7.089543893;1006.071162
320;53.168;-32.347;2014;3;9;12;2081;9.262217327;-21.41837004;966.8374648;1.050530638;12.64476967;14.27115614;7.232280051;949.8814261
321;65.283;-8.913;2011;3;9;23;996;7.551072769;-23.29337736;133.4072548;1.034083788;8.423761368;17.06535095;7.212189607;695.6418501
322;65.373;-7.333;2011;3;9;23;996;NA;-23.58429318;206.9794104;0.884928356;8.852136612;16.01971672;7.050461132;674.416469
323;65.447;-5.74;2011;3;9;23;996;8.516374714;-23.74223104;279.9130542;0.717112324;9.560815811;16.41745797;7.056608208;606.5847059
324;65.505;-4.14;2011;3;9;23;996;7.628883473;-23.35648743;327.3601777;0.706824975;10.31804848;17.89335318;7.020207955;633.5996966
325;65.545;-2.533;2011;3;9;23;996;9.075560718;-23.80112616;362.2918166;0.89394974;10.59917641;17.96839869;7.001069761;718.194127
326;65.232;-9.7;2011;3;9;23;996;7.212602992;-24.05779222;97.02896568;1.942709876;8.682275772;18.42867788;7.338502496;1027.851706
327;65.605;-0.602;2011;3;9;24;997;8.19467109;-22.85576187;388.2031442;1.285934061;11.46486855;17.2454602;7.083072647;983.6493225
328;66.12;6.63;2011;3;9;24;997;8.829332223;-23.11092563;147.1470818;1.258762045;12.41146278;12.61765321;7.032980258;1026.367964
329;65.68;0.187;2011;3;9;24;997;9.625939724;-22.42895136;366.9796985;1.158679687;11.77111244;18.39115512;7.12629668;920.4166087
330;65.877;2.577;2011;3;9;24;997;8.608672853;-22.48660242;283.9038974;0.996011235;11.79345131;16.06224252;7.124400285;872.8509377
331;62.188;-29.052;2009;3;9;15;258;7.441176785;-20.82166463;236.4728317;1.668721296;11.37099648;21.42299407;7.395329519;1164.304731
332;55.947;-45.018;2009;3;9;14;257;4.307131064;-25.62630459;395.2871593;0.425999779;8.645410538;16.38743977;6.929031055;408.9666809
333;58.44;-39.242;2009;3;9;14;257;5.597245889;-23.20443483;242.7019235;0.388413164;9.231287003;15.17920692;7.833007813;395.8674982
334;59.395;-36.597;2009;3;9;15;258;4.192025381;-23.34785093;322.861178;0.874679915;10.08065224;15.79207865;7.53260341;727.5550232
335;59.942;-34.937;2009;3;9;15;258;4.330394386;-23.84942557;387.1525965;0.895608267;10.55672646;17.04784033;7.803824397;763.4811005
336;53.127;-51.908;2009;3;9;13;256;9.329935248;-25.37558831;58.84427737;0.36978742;7.738183498;10.83156987;6.188711586;350.9013252
337;53.328;-51.465;2009;3;9;13;256;8.568455616;-23.58197494;95.1486918;0.408846093;8.431451797;12.3850121;6.457197387;382.2253972
338;54.313;-49.187;2009;3;9;13;256;8.225956972;-22.47549119;258.7892675;0.894867268;9.696893692;13.81587999;7.099110963;739.1874932
339;55.437;-46.31;2009;3;9;13;256;4.490165538;-25.05906064;460.0312107;0.365807625;8.854730606;13.92094372;6.988439283;367.2378047
340;52.288;-52.34;2009;3;10;10;283;10.05076897;-24.05570884;51.83610353;0.424777996;7.292779446;11.47195829;7.380365016;309.9472058
341;52.425;-51.842;2009;3;10;10;283;9.669317827;-24.52227464;58.0698161;0.482583193;6.996270657;12.68769569;7.335815936;325.6174313
342;52.56;-51.342;2009;3;10;10;283;9.071705424;-24.0660459;81.2850801;0.396174564;7.350640774;13.24553405;7.473539614;280.0472894
343;52.008;-53.327;2009;3;10;10;283;9.058477381;-24.14917546;51.90337705;0.478899806;7.269494534;11.98727085;7.529616993;333.2368142
344;61.867;-29.865;2010;3;9;15;623;7.747004906;-21.69960355;290.3338392;2.030475509;12.21492958;15.5969603;7.202136281;1317.018856
345;62.273;-28.737;2010;3;9;15;623;8.859830921;-20.98397508;219.3903818;1.849371963;12.34212685;16.02722128;7.164354253;1273.107707
346;62.67;-27.578;2010;3;9;15;623;7.78741609;-21.61073952;150.2474503;1.917737367;12.22411537;15.81209079;7.153863297;1275.52715
347;63.058;-26.388;2010;3;9;16;624;8.206139646;-21.69545321;89.81936417;1.789865534;12.34768105;16.20232749;7.187803909;1247.922058
348;63.248;-25.78;2010;3;9;16;624;8.095803184;-21.41534398;64.27690189;1.562785992;12.35540199;16.42496253;7.327703579;1156.443903
349;56.132;-44.582;2010;3;9;14;622;5.482206538;-24.21874692;374.3614457;0.588555057;10.43523598;12.07482396;6.634518445;566.2994718
350;57.622;-41.297;2010;3;9;14;622;5.898269736;-23.60319751;244.3300352;1.183113489;10.39901161;12.87030646;7.14857122;897.0207113
351;58.233;-39.805;2010;3;9;14;622;5.541168749;-23.55078812;236.0690921;1.177940878;10.44426918;12.81527308;7.28349893;882.3985173
352;58.827;-38.262;2010;3;9;14;622;4.944635888;-23.74467559;262.4768437;1.356011314;10.92376137;13.72332385;7.242418471;992.9219309
353;59.212;-37.205;2010;3;9;15;623;6.455353986;-22.69654206;297.9613947;1.411244531;11.07692909;14.31618345;7.124177418;1036.178959
354;59.773;-35.575;2010;3;9;15;623;6.952447192;-21.76462302;361.7618241;1.682950735;11.40444374;14.53381545;7.076917466;1144.503047
355;60.135;-34.458;2010;3;9;15;623;5.67242647;-24.72749782;400.187205;1.6738234;11.62163734;16.70012943;6.978280602;1208.328425
356;56.782;-43.205;2010;3;9;14;622;5.680679121;-23.9418515;305.7431805;1.127194732;10.3616581;12.50508493;6.807057994;852.0522232
357;54.96;-47.623;2010;3;9;13;621;6.598031466;-22.93477587;377.3533151;1.048976357;10.60000038;11.94724658;6.586557475;841.4767405
358;55.518;-46.167;2010;3;9;13;621;5.776273068;-24.90724457;449.8820261;0.91386149;10.68444252;11.91722837;6.505215087;771.6573815
359;53.178;-51.765;2010;3;10;9;647;8.096319063;-24.2709138;69.14964636;0.741452774;8.80654335;16.21233356;7.812564834;511.6527565
360;53.382;-51.323;2010;3;10;10;648;9.115343676;-22.78650389;106.3351125;1.073680265;9.953302383;16.09976528;8.183257423;669.7256109
361;54.565;-48.582;2010;3;10;10;648;6.73533267;-23.81150878;303.9972324;1.014425467;11.09639931;21.50554414;8.688026776;714.6679993
362;57.31;-42.025;2011;3;9;21;994;4.485949816;-24.78567886;261.0852543;0.581378343;9.076562881;18.40116119;8.766362487;500.1646663
363;57.927;-40.553;2011;3;9;21;994;4.568975607;-24.17636299;235.782613;0.589566542;9.310358047;20.89767544;8.74070037;485.8784231
364;58.525;-39.032;2011;3;9;21;994;4.676562123;-24.22430853;246.0564816;0.673848292;9.329523087;21.23788179;8.220626135;559.6430946
365;56.247;-44.367;2011;3;9;20;993;4.084092236;-25.2029706;361.5456917;0.937892225;9.35997963;18.42617636;7.953368128;646.7555288
366;59.482;-36.38;2011;3;9;21;994;5.167148787;-23.35095815;331.1688983;0.750415633;9.910333633;22.86136651;7.74758088;637.4300198
367;60.028;-34.718;2011;3;9;21;994;5.406940127;-23.17343444;392.7034397;0.578393793;9.980981827;20.31232039;7.538665392;523.7624761
368;56.463;-43.91;2011;3;9;20;993;4.593456303;-24.77583329;337.3612498;0.530309115;9.064386368;17.8533289;8.019944567;465.810495
369;53.17;-51.737;2011;3;9;19;992;7.886245766;-25.09516986;69.63197333;0.585023044;8.742609024;11.48946891;6.883979512;491.5802002
370;53.775;-50.398;2011;3;9;20;993;6.102412692;-24.61777783;169.6005843;0.792952855;10.27834511;15.00410071;7.497755122;654.6818683
371;54.365;-49.022;2011;3;9;20;993;8.214357863;-21.67105163;270.6955873;0.8583902;10.42229652;15.76456196;7.613102956;705.4695801
372;61.778;-30.258;2012;3;9;18;1357;7.597608165;-21.6341923;310.2306479;1.134213286;12.21358681;19.16662548;7.863966059;995.2715585
373;62.182;-29.128;2012;3;9;18;1357;7.376518038;-22.27695641;239.06276;1.191717926;12.23949623;20.27729915;7.805453352;1026.348419
374;62.575;-27.967;2012;3;9;19;1358;7.585688059;-22.65854567;169.7106455;1.16299814;12.18050575;22.2084705;7.860914808;997.9674615
375;62.958;-26.773;2012;3;9;19;1358;7.426847362;-23.05628042;104.9244163;1.12970059;12.37838173;21.04526496;7.769652814;987.2584676
376;56.735;-43.39;2012;3;9;17;1356;8.325299224;-23.82578296;309.9949164;0.643813323;10.06505775;14.34870318;8.008797167;586.7959023
377;57.962;-40.46;2012;3;9;17;1356;5.664736928;-23.90138389;235.2137677;1.005989552;10.31130409;15.89213934;8.566868192;810.9583811
378;58.548;-38.923;2012;3;9;17;1356;5.680003547;-24.02915729;249.0107199;0.761444062;10.57918739;15.99720307;8.309396071;708.8054454
379;58.928;-37.868;2012;3;9;18;1357;6.504117524;-22.4682195;276.8434689;0.858363761;10.59752846;16.89774929;8.272221862;726.6625604
380;59.483;-36.242;2012;3;9;18;1357;5.558302749;-23.70652183;338.0897788;1.128508591;11.0404911;17.33051178;8.313598126;891.7356898
381;56.098;-44.782;2012;3;9;17;1356;6.063627898;-23.60195146;378.1257872;0.478984213;10.52721596;13.86340882;7.641812273;492.3442421
382;53.143;-51.813;2012;3;9;16;1355;8.393971869;-24.35872219;64.19694469;0.329547536;9.456079483;10.61393786;5.771354707;355.7644239
383;55.08;-47.185;2012;3;9;16;1355;9.47586659;-22.64811834;407.7851797;1.394255884;11.48919106;12.93034287;7.064351822;1013.651888
384;55.182;-42.495;2014;3;9;28;2097;7.313586158;-22.36158708;487.7759641;0.778077951;10.96749306;21.19785752;8.165837331;595.0164113
385;49.233;-50;2014;3;9;30;2099;7.925773264;-24.11467775;69.85338757;0.283347207;12.04165077;10.97915939;7.491316293;359.4708191
386;50.568;-48.452;2014;3;9;30;2099;7.162431312;-23.21827995;250.8345396;0.450759281;12.06752968;13.11295363;7.901436074;461.200901
387;61.002;-31.815;2015;3;9;26;2460;3.748014831;-24.46662759;430.5539466;0.600157032;9.514429092;21.77320649;8.179549728;500.4774217
388;60.58;-32.872;2015;3;9;27;2461;4.62509067;-24.27751519;429.3877093;0.653449774;9.353906631;23.56429287;8.23328903;530.9245555
389;60.148;-33.902;2015;3;9;27;2461;4.057398797;-24.3956927;426.4084475;0.390832782;9.129022598;21.53306083;8.065259498;382.4313022
390;58.998;-36.235;2015;3;9;27;2461;4.130948755;-25.00551845;358.1760752;0.506651968;8.755060196;22.22097809;7.880523048;433.9359979
391;58.25;-37.508;2015;3;9;27;2461;4.391032236;-25.51187671;335.2805565;0.379028167;8.661310196;20.25978853;8.036529921;347.6885986
392;57.495;-38.77;2015;3;9;27;2461;4.066909181;-24.76991744;337.5087587;0.301558498;8.445886612;19.4017681;7.955503598;289.5737991
393;55.757;-41.598;2015;3;9;28;2462;5.028722577;-24.49825654;436.2384582;0.289441851;9.016870499;18.8664434;7.757249254;297.5273701
394;54.983;-42.713;2015;3;9;28;2462;5.826274507;-22.88747095;508.0083016;0.355933645;9.259149551;16.62508391;7.658592129;335.7220403
395;54.2;-43.785;2015;3;9;28;2462;4.277454983;-24.34980315;589.5280058;0.596178608;9.814416885;15.85461658;7.673759239;508.5051662
396;53.672;-44.477;2015;3;9;28;2462;6.084712944;-23.0517902;544.2949668;0.675654467;10.25850868;15.26926154;7.781112228;561.0667305
397;52.873;-45.483;2015;3;9;29;2463;6.62767159;-23.39888674;472.7378953;0.753187146;10.78063393;17.20543592;8.046660237;648.9829276
398;57.012;-39.622;2015;3;9;27;2461;4.336354137;-24.22160664;351.9398653;0.339672691;8.501947403;18.61128864;7.875255284;314.6195323
399;50.083;-48.953;2015;3;9;30;2464;NA;-24.06439422;186.5289476;0.554314298;9.880334854;11.32186725;7.041846311;471.7880804
400;49.287;-49.887;2015;3;9;30;2464;8.545061326;-24.51509277;77.65272331;0.472367365;9.925256729;11.68708878;6.71086051;387.4798846
401;58.12;-33.928;2016;3;9;10;2810;7.483625054;-23.6490299;521.2509671;1.235123241;10.25573158;12.2549332;7.135328871;936.1396606
402;57.853;-34.305;2016;3;9;10;2810;6.260410498;-22.32931118;517.0366457;1.29218595;10.19228554;12.2399241;7.105229675;948.7117432
403;57.047;-35.407;2016;3;9;10;2810;5.897142259;-22.7518192;515.8450564;1.355676025;10.14559364;11.85218892;7.093705427;954.0826518
404;55.197;-39.185;2016;3;9;10;2810;6.9360123;-22.52098283;542.8227029;1.508254568;10.1430912;11.80215857;7.338303942;1063.923659
405;54.75;-40.047;2016;3;9;11;2811;6.618318269;-23.308693;569.9424256;1.285890913;10.38866615;12.19739831;7.37679104;944.7888428
406;54.298;-40.892;2016;3;9;11;2811;6.236740508;-23.27190616;603.3548609;1.291907907;10.67263222;13.1229597;7.243990696;960.6288896
407;53.608;-42.122;2016;3;9;11;2811;8.245597647;-21.7955646;665.5731944;1.343365766;11.53505898;11.67458119;7.208660205;996.8757629
408;52.67;-43.702;2016;3;9;11;2811;8.195358488;-22.6615158;593.6794006;1.045116317;12.37047768;12.06231637;7.276650836;978.2925537
409;52.193;-44.467;2016;3;9;11;2811;7.962710623;-21.89457917;548.3499451;0.708956112;12.843256;13.09043998;7.326188084;742.0637984
410;51.712;-45.213;2016;3;9;12;2812;7.552801317;-21.95005964;493.2391717;0.500873568;12.84243202;12.9928808;7.324255219;613.3162319
411;49.058;-49.308;2016;3;9;13;2813;9.170067731;-23.9072549;79.01963214;0.393060143;10.90578651;10.62144241;6.413754538;437.3587952
412;61.682;-28.042;2017;3;9;15;3180;5.193197418;-22.91709715;255.641745;0.97775824;10.56325722;15.83210293;6.495834414;784.6072832
413;61.21;-29.002;2017;3;9;15;3180;5.184370121;-22.94241811;327.5751451;0.808606076;10.32030678;15.71703313;6.569733046;693.5804413
414;60.91;-30.232;2017;3;9;15;3180;5.165112705;-22.97239608;388.4821376;0.68125328;9.899316788;15.34430706;6.501017084;611.4623528
415;60.598;-31.44;2017;3;9;15;3180;4.914426367;-23.40508147;453.4620206;0.607626763;9.668359756;15.64448913;6.536785205;553.0830282
416;60.25;-32.59;2017;3;9;16;3181;6.179704313;-23.70151802;468.2658571;0.458943918;9.606409073;14.82899449;6.380425797;423.2491131
417;62.647;-26.07;2017;3;9;15;3180;6.027968136;-22.39639786;108.0118733;1.250487008;10.96410561;15.80958927;6.465184129;952.1279114
418;59.848;-33.63;2017;3;9;16;3181;4.09436316;-24.00851513;455.1676859;0.58747034;9.624902725;14.55382759;6.359986871;531.341451
419;58.48;-35.445;2017;3;9;16;3181;4.396014982;-24.02409802;423.8026837;0.27625296;9.454889297;14.80648084;6.387675052;316.730423
420;62.408;-26.575;2017;3;9;15;3180;4.934822524;-23.21795423;145.118034;1.023241945;10.83706093;15.48439202;6.483933318;846.767567
421;61.925;-27.56;2017;3;9;15;3180;5.427367413;-23.06768759;219.4121624;0.750978001;10.57195473;15.23924333;6.489034946;642.413784
422;56.21;-38.103;2017;3;9;17;3182;4.454524392;-24.26897184;476.2185833;0.327737457;9.389184952;17.13789495;7.361287604;341.3149137
423;55.733;-38.918;2017;3;9;17;3182;4.407014841;-24.0353307;497.0214994;0.467006534;9.470178604;16.22734266;7.361360542;442.3575287
424;55.268;-39.758;2017;3;9;17;3182;5.678754137;-23.79142999;522.1206875;0.643730914;9.640314102;15.86212114;7.410294022;552.3674825
425;54.795;-40.58;2017;3;9;17;3182;6.772095903;-22.96594041;554.6189779;0.892627001;10.03490639;14.95156884;7.405427418;708.1534271
426;54.318;-41.382;2017;3;9;17;3182;5.786955133;-23.1135106;594.9219422;0.693162316;10.29454994;13.99849075;7.428317881;611.7776123
427;56.742;-37.377;2017;3;9;16;3181;5.077080546;-23.97414978;455.2267586;0.45707125;9.487360001;17.38054213;7.397201601;447.2414614
428;61.525;-28.757;2018;3;9;14;3544;3.397773896;-23.96482024;291.7410186;0.860650981;9.370965958;19.36424534;6.610813505;698.6361237
429;60.34;-31.168;2018;3;9;14;3544;4.632275863;-23.27476512;470.3692428;0.736828215;8.985712051;18.28108836;7.339904532;611.3652344
430;59.608;-32.533;2018;3;9;14;3544;3.711811484;-23.58541309;522.5081294;0.382134205;8.486719131;19.59188342;7.954518932;411.6902191
431;58.863;-33.838;2018;3;9;14;3544;3.894175613;-23.94982087;491.4022642;0.649218223;8.316064835;20.39487047;8.431932378;568.9828709
432;58.613;-34.26;2018;3;9;14;3544;3.093545839;-24.43401066;478.9637458;0.415337111;8.259332657;22.35105699;8.430591124;414.5152435
433;57.852;-35.492;2018;3;9;14;3544;5.71271563;-25.71932397;457.4355214;0.776525313;8.134088516;24.20718282;8.711999157;613.9243591
434;61.987;-27.742;2018;3;9;14;3544;4.042338398;-23.37760887;222.0082491;0.991688766;9.681818008;17.67321965;6.735789192;834.6986916
435;57.015;-36.852;2018;3;9;15;3545;3.289427838;-24.52095055;454.8364739;0.51183821;8.040155411;26.66867583;8.781942914;459.6714661
436;55.628;-39.448;2018;3;9;15;3545;4.109749218;-25.1731195;491.9916896;0.419392137;7.969659328;21.92830056;8.394904046;391.5337241
437;55.153;-40.273;2018;3;9;15;3545;3.727780477;-23.46046163;523.3637468;0.46426278;8.20675087;18.94399044;8.283482722;414.3291944
438;54.673;-41.08;2018;3;9;15;3545;5.285704498;-23.2730707;560.9676716;0.52249876;8.423761368;19.27419072;8.18250778;454.0923576
439;53.945;-42.252;2018;3;9;15;3545;5.227485448;-24.08096552;625.8164956;0.857506755;9.08690834;16.87773716;8.043896687;670.409668
440;53.452;-43.012;2018;3;9;15;3545;5.704545696;-23.7456977;638.526967;0.772925884;9.278009415;15.65949824;7.808759887;640.3479996
441;52.705;-44.118;2018;3;9;15;3545;5.480133948;-24.20885355;565.3978065;0.901154207;10.96605873;13.98098013;7.826544671;727.1567339
442;51.947;-45.187;2018;3;9;16;3546;5.372127161;-23.51032064;505.7410669;0.849873181;11.66689491;14.96657795;7.702448295;743.4638786
443;65.482;-5.448;2012;3;9;21;1360;8.196816343;-24.3769837;292.7091409;0.937229061;8.945093155;15.842109;7.695130154;774.5901981
444;65.562;-3.043;2012;3;9;20;1359;8.511060936;-23.03220994;353.0676081;0.913960874;9.928979874;21.01274524;7.637610218;778.1384481
445;65.512;-4.647;2012;3;9;21;1360;9.146622317;-23.73276055;321.8605287;1.229204016;9.369653702;19.28669831;7.704223126;971.4461161
446;64.522;-10.69;2013;3;10;2;1736;7.114300784;-23.5040743;67.33195964;1.382302229;8.187524796;18.59627953;7.986230874;734.416449
447;64.628;-9.953;2013;3;10;2;1736;7.413406248;-23.04756732;95.81509555;1.546185339;8.56801796;19.28419679;7.872730809;805.1394115
448;64.73;-9.212;2013;3;10;2;1736;7.36184954;-22.83545051;125.1582584;1.441471932;8.309656143;18.62129471;7.74758088;767.4989624
449;64.923;-7.713;2013;3;10;2;1736;6.561335943;-23.69035046;192.3564846;1.009713215;8.093286514;16.28737908;7.582687695;616.7524632
450;65.013;-6.955;2013;3;10;2;1736;6.755538595;-23.43681649;227.4260633;0.914246755;8.409692764;15.91965603;7.63382148;592.9492599
451;65.183;-5.423;2013;3;10;2;1736;6.448797123;-23.78377411;277.5317357;0.558796816;9.012292862;17.42556944;7.715808156;436.1069984
452;65.338;-3.872;2013;3;10;2;1736;6.741902721;-22.35384249;314.4506521;0.683613841;9.854059219;16.46998984;7.839466902;560.2066193
453;65.477;-2.307;2013;3;10;2;1736;7.176595427;-22.23977717;360.8946752;0.558916611;9.952630997;19.95960646;7.802507456;473.4092712
454;65.565;-1.6;2013;3;10;2;1736;6.824759235;-22.15340351;384.0060283;0.582394158;10.09160805;20.65502826;7.843429882;502.4272289
455;66.31;2.953;2013;3;10;2;1736;NA;-22.06934612;287.4156566;0.945615025;11.33297157;22.11091133;7.730691617;708.2209746
456;66.528;4.528;2013;3;10;3;1737;8.438980861;-23.05509859;243.6708505;0.773428542;11.40050697;23.10151217;7.442407125;674.2089731
457;66.73;6.13;2013;3;10;3;1737;7.673061503;-22.39110345;178.0938923;0.729179189;11.79458046;23.95202805;7.199194437;632.1335144
458;66.915;7.757;2013;3;10;3;1737;8.621805691;-22.87382643;116.8302429;1.124688323;11.98986244;25.31535497;7.050201796;803.212204
459;65.698;-0.858;2013;3;10;2;1736;7.747043324;-22.40931981;404.0815346;0.614576299;10.19033241;20.8201284;7.941827671;512.084977
460;65.955;0.645;2013;3;10;2;1736;7.680889516;-21.87787225;370.3128845;0.795780356;10.8635807;20.30731736;8.028158227;622.5064981
461;65.61;-1.28;2009;3;9;23;266;7.504438614;-22.51852852;396.0849932;0.927458744;11.79607582;17.22294654;8.082776841;805.9704094
462;65.457;-6.095;2009;3;9;24;267;9.025104421;-22.97148059;263.0193985;0.463887836;10.39162636;15.67450734;7.385393705;470.9820055
463;65.372;-7.685;2009;3;9;24;267;8.510478992;-23.24979015;190.8523837;0.879139353;9.686548233;14.5263109;7.145840087;686.1587639
464;65.27;-9.263;2009;3;9;24;267;7.684008852;-23.24536915;117.127904;1.664067566;9.575372696;13.41813874;6.983742868;1000.959869
465;65.577;-2.89;2009;3;9;24;267;8.288400456;-23.27606977;358.0897848;0.725040745;11.49260902;19.25167706;7.868192427;691.6112893
466;65.525;-4.498;2009;3;9;24;267;8.265956685;-22.87638358;323.7801028;0.639442018;10.98147011;16.43997163;7.583109116;597.5863647
467;60.03;-10.068;2016;3;9;10;2810;6.219369965;-23.12015095;83.48021483;0.335273521;12.55016518;14.99409464;7.311284362;468.5598484
468;60.42;-11.158;2016;3;9;10;2810;7.632253152;-23.16512148;65.09792023;0.440347402;12.40181923;14.44125932;7.315085257;536.6009979
469;66.968;-11.403;2014;3;10;1;2100;8.628363176;-22.7762774;78.029395;0.794454284;9.448877335;18.85393581;7.649851692;596.6053848
470;67.015;-9.703;2014;3;10;1;2100;7.894653193;-24.16654458;148.0238888;0.802509141;9.317682266;18.41867181;7.85400188;610.0594604
471;67.043;-7.997;2014;3;10;2;2101;8.104521463;-23.44447118;218.7277891;0.575696242;9.527551651;19.31171348;8.17103621;493.2613586
472;67.053;-6.287;2014;3;10;2;2101;7.83260602;-23.54048061;282.7963253;0.581943022;9.889154434;19.89706852;8.140130641;517.5248805
473;67.045;-4.578;2014;3;10;2;2101;7.491769665;-22.47567771;350.697598;0.513237197;10.38720131;19.16162244;8.015102276;472.6485197
474;67.025;-1.592;2014;3;10;2;2101;8.084037768;-22.41211238;474.4910548;0.842203981;11.66115761;16.20232749;8.225958733;737.9782881
475;67.247;3.527;2014;3;10;2;2101;8.651090879;-22.7028774;291.1174088;0.695381548;12.19457436;18.9389874;8.073785172;602.6204488
476;67.283;5.248;2014;3;10;2;2101;8.762113492;-22.83489785;217.4060582;0.772684953;12.27602577;19.17413003;7.979962234;666.0010071
477;67.302;6.975;2014;3;10;3;2102;9.022153955;-22.86906335;143.0805332;0.814272861;12.39867592;19.01403292;7.991389231;725.083292
478;67.302;8.702;2014;3;10;3;2102;9.178512997;-22.90815654;69.41934867;0.771371962;12.76030922;18.66882354;7.73321204;718.0607201
479;67.117;0.103;2014;3;10;2;2101;8.144662597;-22.35256244;439.77803;0.759026773;11.71032143;17.45058461;8.213417401;618.0097634
480;67.19;1.81;2014;3;10;2;2101;7.161794659;-21.94906242;365.3748524;0.882069626;11.95018959;18.48871429;8.139628177;695.073048
481;64.77;-10.762;2015;1;3;10;2260;NA;-25.39084788;54.41015796;0.020062821;4.496697903;148.1773767;12.15127804;9.484579086
482;64.393;2.972;2016;1;3;28;2644;5.587111541;-24.75241409;174.1099151;0.320936581;7.245233059;274.7691606;10.91169606;147.6163803
483;64.247;0.69;2016;1;3;28;2644;3.042501823;-25.39614759;239.8442803;0.210418761;5.920464993;147.0316818;10.64943432;96.99014893
484;64.13;-0.818;2016;1;3;29;2645;5.914453179;-24.33245203;247.8650677;0.356935833;5.478356838;150.756441;10.16371402;145.6850567
485;64.067;-1.567;2016;1;3;29;2645;5.768580057;-25.07158857;252.8049594;0.339579824;5.052941799;140.4051625;9.919447776;135.2190231
486;63.937;-7.698;2016;1;3;29;2645;5.027873413;-24.39978579;136.7506269;0.298534058;5.395074368;137.0881505;9.564145163;125.3467169
487;63.908;-8.453;2016;1;3;29;2645;5.99130254;-24.58808321;142.8295555;0.250955541;6.03063345;137.5684418;9.759672426;119.7286203
488;63.795;-10.71;2016;1;3;29;2645;3.716923423;-23.13759816;108.6859759;0.189423447;6.606225491;154.5262276;10.25473694;100.4156748
489;63.75;-11.455;2016;1;3;29;2645;5.527865185;-24.79749119;86.12045101;0.204324764;6.7376647;232.6361049;10.38707939;104.3205093
490;63.702;-12.2;2016;1;3;29;2645;5.475741355;-24.19818277;61.16830539;0.240843549;6.907372952;152.0722391;10.41523762;120.4324768
491;64.032;-3.143;2016;1;3;29;2645;7.357756449;-24.40423271;199.7996101;0.273873186;4.486871243;127.6824455;9.540257877;117.3300502
492;64.002;-5.425;2016;1;3;29;2645;6.223381764;-24.18290318;149.8372018;0.277165579;3.329339504;110.7771917;9.207010989;106.0691757
493;64.033;-10.402;2018;1;3;22;3368;6.479602068;-23.5615963;103.1349842;0.1342538;6.75441885;146.6564542;11.29842291;68.4548111
494;63.802;-9.857;2018;1;3;22;3368;5.793116588;-22.83334815;140.2437439;0.154222235;6.435510159;115.3699774;10.94593248;74.64659882
495;63.568;-9.322;2018;1;3;22;3368;5.444709211;-23.44759819;129.4001111;0.221524768;6.749810696;152.995299;11.10542418;98.06157303
496;63.332;-8.795;2018;1;3;22;3368;4.860096353;-22.98689543;94.67067657;0.2272238;7.119653225;187.286098;11.11410383;102.6252241
497;63.093;-8.277;2018;1;3;22;3368;6.831115604;-22.79018188;59.31618221;0.197562046;7.351159573;200.449082;10.95970565;97.99821091
498;64.263;-10.955;2018;1;3;22;3368;6.031027509;-22.73456997;66.57802675;0.249736249;7.090814114;169.1100734;11.0715484;106.3188324
499;66.497;0.525;2010;1;3;30;454;NA;-23.61860114;393.6745575;0.250311845;5.804559231;172.9699145;10.80460646;102.1517399
500;46.533;-8.272;2011;1;3;27;816;3.186642501;-20.90329627;141.9848878;0.735319413;11.69509315;244.0480268;8.630656769;449.5052234
501;48.4;-48.375;2011;1;3;6;795;NA;-24.54245831;72.4914254;0.3204173;2.964410305;59.8538042;12.19622828;98.76031494
502;42.67;-54.312;2014;1;3;25;1910;7.013896294;-23.00592586;201.0503671;0.414515931;6.053887844;26.22090423;9.07972559;240.328598
503;54.972;-15.432;2016;1;3;29;2645;4.601928416;-22.23738771;189.5798092;0.211532461;9.618524551;332.404119;11.70791056;166.3385525
504;53.512;-25.182;2016;1;3;28;2644;6.009743731;-22.91094906;722.0052987;0.240368277;7.184899807;198.2327376;12.97128258;157.3657227
505;43.258;-31.778;2016;1;3;24;2640;2.338241558;-20.81442774;1278.446025;0.52216955;13.89672279;156.7050491;10.35659119;409.4996389
506;41.005;-39.037;2016;1;3;23;2639;4.584669022;-21.38168058;886.6223753;0.372865809;16.04851723;109.0611508;10.55015317;402.4183598
507;49.398;-49.26;2009;1;2;17;48;7.73395869;-24.07604385;110.5475464;0.296174884;1.659827677;57.11285001;13.17798258;111.3018395
508;49.887;-48.562;2010;1;2;26;422;7.342250597;-24.54637152;183.9315575;0.441299727;3.150160726;56.76951676;11.38386637;152.8108182
509;58.81;-33.848;2010;1;3;30;454;4.58429572;-23.80564713;492.4968189;0.294814108;6.331475735;123.0771522;10.15587315;158.3350172
510;59.552;-32.543;2010;1;3;30;454;3.338990287;-24.56521322;524.4805053;0.244375479;6.863763332;180.3769072;10.37181503;136.2291641
511;60.282;-31.177;2010;1;3;30;454;3.607819758;-24.90872153;475.5901196;0.24652194;6.974572659;203.9612122;10.65617706;136.1597205
512;60.997;-29.75;2010;1;3;30;454;3.164804581;-24.5204254;367.4103395;0.246334531;7.328149319;216.4713002;11.02691828;145.3640115
513;61.925;-27.747;2010;1;3;30;454;3.950515008;-23.47587137;226.6936224;0.185855071;7.692101955;401.5235432;11.03116491;110.2039305
514;58.558;-34.272;2010;1;3;29;453;4.080335811;-24.88492375;482.0784176;0.251817497;5.983300686;135.9674708;10.1711132;138.6153554
515;53.673;-42.697;2010;1;3;28;452;5.42659267;-23.4882059;653.7209822;0.688958144;5.122796535;61.54232837;10.50289727;275.9481801
516;54.407;-41.538;2010;1;3;28;452;3.721798405;-24.36163949;583.8842186;0.606090785;4.44771719;52.82704213;10.37590768;236.2461624
517;54.648;-41.143;2010;1;3;28;452;3.717714178;-24.4344525;561.8355208;0.635642746;4.471642971;70.39769957;10.46758299;248.4360154
518;55.128;-40.338;2010;1;3;29;453;4.095659763;-24.69078767;523.8465286;0.457991166;4.331292629;76.34630769;10.60757991;205.024116
519;52.427;-44.537;2010;1;3;28;452;5.80944978;-22.88635846;540.1431742;0.445576321;6.921990871;94.36973976;10.83585646;235.4489403
520;55.838;-39.095;2010;1;3;29;453;4.814527264;-24.98113734;481.8057361;0.318374066;4.833459377;94.74997039;10.51650026;163.7441959
521;56.535;-37.807;2010;1;3;29;453;4.445885809;-24.09990573;457.9215174;0.302142001;5.300134182;123.7225436;10.25812857;158.4527189
522;53.178;-43.445;2010;1;3;28;452;5.984236334;-23.51190968;608.695625;0.417744108;6.451806545;71.22320028;10.76975817;231.2852353
523;49.407;-49.262;2010;1;3;27;451;4.991526968;-25.23266365;110.5475464;0.353492601;1.938836694;37.56528514;9.172239691;153.0082918
524;50.363;-47.82;2010;1;3;27;451;7.536103639;-24.04803946;259.3040161;0.495015539;4.257836819;31.87933634;9.900694534;224.5059169
525;51.07;-46.702;2010;1;3;28;452;5.160956731;-24.12812264;369.6181989;0.496917265;5.735253811;38.73849675;10.36913252;247.443186
526;51.765;-45.548;2010;1;3;28;452;3.974755954;-23.85423637;480.9244562;0.31487574;7.285699368;90.52490769;10.74421762;202.6850952
527;52.297;-44.727;2011;1;3;8;797;7.3001539;-23.2134668;528.673292;0.400652844;7.438653469;102.7323121;13.67318384;195.7635681
528;49.158;-49.558;2011;1;3;8;797;6.539716382;-23.71468431;75.999001;0.139763474;2.53869009;40.58711803;12.36940401;72.08919525
529;65.233;-7.8;2012;1;3;30;1185;6.404988588;-25.81904217;185.4724196;0.391065282;1.586877465;105.7741571;10.02505025;121.6512054
530;65.168;-9.383;2012;1;3;30;1185;7.23603936;-23.65931708;112.2791558;0.255842111;1.858850121;164.1495646;10.04866604;92.26954193
531;51.135;-44.678;2012;1;3;2;1157;4.468776569;-24.03353297;467.7010163;0.439086214;6.441491604;91.79317696;12.46882294;180.784549
532;52.047;-43.05;2013;1;2;17;1509;6.859273054;-23.82933809;616.5765403;0.179354504;8.11466217;92.83222385;12.92139079;100.4693866
533;48.863;-49.237;2013;1;2;16;1508;9.19304271;-24.23209176;70.4687089;0.475316435;2.186993917;79.60244936;11.84586995;163.3227995
534;50.135;-46.86;2013;1;2;16;1508;6.896296439;-23.99781224;291.0655288;0.304717779;5.058158366;78.00785717;12.6784139;134.679854
535;50.752;-45.625;2013;1;2;16;1508;6.7637786;-23.84686828;395.9848613;0.419070989;6.443993123;111.3849353;13.01975505;180.8475358
536;50.955;-45.207;2013;1;2;16;1508;6.61325664;-24.2276049;431.1465487;0.241021097;6.824161275;138.2819163;12.99295247;107.1252497
537;54.697;-41.76;2013;1;3;22;1542;5.562477526;-24.29640535;548.2652692;0.219838157;3.767205715;110.6796325;11.56142619;109.4212254
538;53.447;-45.063;2013;1;3;21;1541;4.961015996;-24.20022055;503.2021084;0.240140453;5.121331692;84.63133295;12.34443886;125.3964081
539;49.73;-48.315;2013;1;3;20;1540;5.89136515;-25.16777366;183.0712753;0.33589676;2.970635891;60.59925635;11.4387359;149.7833227
540;51.462;-46.937;2013;1;3;20;1540;5.7058194;-24.88141616;387.4462091;0.477058808;4.987206936;91.7706633;12.1176616;212.8470917
541;48.085;-45.125;2014;1;2;20;1877;8.62426902;-24.0311089;201.5853222;0.48805362;3.015993754;78.32321511;12.94936117;166.3252035
542;47.505;-45.61;2014;1;2;20;1877;7.672913722;-25.13753207;146.9753737;0.445230265;2.960993958;59.18047913;12.61588949;155.3637567
543;47.172;-46.328;2014;1;2;20;1877;8.057148325;-23.31322147;90.12742406;0.348448584;2.765493774;58.90326932;12.32674154;119.2731365
544;49.237;-41.743;2014;1;3;19;1904;7.588204507;-23.70963255;480.8406969;0.292292227;8.691797256;77.51451626;14.41039533;191.2439067
545;48.787;-42.495;2014;1;3;20;1905;6.746152455;-24.8307569;410.7667284;0.37307854;7.233453274;81.67954255;14.08760698;215.2045135
546;48.56;-42.865;2014;1;3;20;1905;8.115047581;-23.63623708;376.9330086;0.525885582;6.406732082;66.40277646;13.83046308;249.6237183
547;48.333;-43.232;2014;1;3;20;1905;7.572401633;-24.14397356;342.8010072;0.431632489;5.546227932;64.03634111;13.31270666;202.965744
548;47.437;-45.313;2014;1;3;20;1905;7.07771819;-24.94531361;168.2560028;0.441967393;2.751153469;70.3576753;12.09988897;188.5949249
549;46.902;-46.535;2014;1;3;20;1905;6.342171242;-24.36611734;67.56189879;0.343940467;2.427545071;62.3278048;11.44177499;156.3542239
550;61.205;-30.968;2016;1;3;19;2635;NA;-25.29953302;384.6396195;0.158744967;5.612939358;381.2687578;12.92894596;80.99441338
551;57.62;-36.682;2016;1;3;20;2636;5.972739297;-24.91339806;416.345577;0.111977906;4.087853909;375.0349767;13.60171243;65.67952156
552;50.478;-48.072;2017;1;3;14;2995;7.047509047;-24.05184986;258.3722586;0.276031852;3.436730862;73.94234957;12.35366555;124.2847061
553;49.615;-48.65;2017;1;3;14;2995;7.110653196;-24.12537693;157.1965343;0.386794161;2.686700344;117.7264067;12.09979172;155.5560131
554;51.575;-42.97;2018;1;3;11;3357;7.508981943;-22.82072903;579.243352;0.448552281;8.183252335;146.1011173;13.34028948;233.8477427
555;51.312;-43.298;2018;1;3;11;3357;6.526689443;-23.07586335;543.1286217;0.483360847;10.07378578;221.2116755;13.51620445;297.0519765
556;55.887;-36.743;2018;1;3;10;3356;5.429940197;-22.84333911;554.7267327;0.255582392;4.775231838;168.5997638;14.32216837;112.8665365
557;47.753;-47.145;2018;1;3;12;3358;6.303361328;-23.72592382;59.95839825;0.279894513;0.043908693;33.04754492;10.45111515;103.6018383
558;61.59;-13.245;2017;1;3;25;3006;5.659305843;-21.61217446;130.5576653;0.176564069;8.265222549;313.7302924;11.2008477;109.8929996
559;62.617;-17.727;2017;1;3;25;3006;4.282065431;-23.52254342;68.82393035;0.176900387;7.688500881;354.0397421;10.20642748;101.3597656
560;64.64;-9.923;2014;1;3;26;1911;5.36005894;-23.23695417;97.25867322;0.165277524;6.475884914;209.6721762;11.67328919;81.86999054
561;64.742;-9.18;2014;1;3;26;1911;7.240780479;-23.25133692;126.2627978;0.291667971;4.932458401;105.0212004;11.29142894;114.5179176
562;64.838;-8.43;2014;1;3;26;1911;5.514361551;-24.06309486;159.6069004;0.275233611;3.741174221;65.05195713;10.90061754;95.30232366
563;65.023;-6.92;2014;1;3;26;1911;6.486589376;-24.81774416;228.9734107;0.136767667;2.626580715;57.92513437;10.25870397;57.62343788
564;65.27;-4.612;2014;1;3;26;1911;6.549904015;-23.68304472;295.6163356;0.237768702;3.29537344;93.33661312;10.26434453;82.53402901
565;65.48;-2.267;2014;1;3;27;1912;6.410911111;-24.42825379;361.6566618;0.228738293;3.776879787;83.82584439;9.966403819;81.73643494
566;66.505;4.56;2014;1;3;27;1912;6.427223309;-24.95221511;240.0795303;0.228744604;6.529016018;244.3031816;10.38803974;93.30371666
567;66.792;6.977;2014;1;3;27;1912;7.370504944;-23.01133556;143.3194063;0.234189365;6.901605129;335.0557273;10.46435344;97.89565849
568;66.962;8.618;2014;1;3;27;1912;4.970078871;-22.61568956;81.32021242;0.269737922;6.765405178;307.9993163;10.66268883;100.37581
569;65.698;-0.847;2014;1;3;27;1912;7.248766574;-23.38205058;404.0815346;0.299259932;4.120812893;127.3247285;10.07001264;98.43592911
570;66.067;1.427;2014;1;3;27;1912;4.924362966;-24.8714555;339.6814024;0.277630473;5.708184719;154.1585045;10.39997326;100.5796827
